{
  "results": [
    {
      "command": "node src/loop_benchmark.js",
      "mean": 2.2102419310999997,
      "stddev": 0.0014971297629514818,
      "median": 2.2103223065,
      "user": 2.2002051999999996,
      "system": 0.009770999999999998,
      "min": 2.208446979,
      "max": 2.212094305,
      "times": [
        2.212094305,
        2.21082035,
        2.211395007,
        2.208633376,
        2.208446979,
        2.211612308,
        2.211973252,
        2.209824263,
        2.208569305,
        2.209050166
      ],
      "exit_codes": [
        0,
        0,
        0,
        0,
        0,
        0,
        0,
        0,
        0,
        0
      ]
    },
    {
      "command": "pypy src/loop_benchmark.py",
      "mean": 0.7850315216000001,
      "stddev": 0.003608341100730501,
      "median": 0.783304491,
      "user": 0.7721603,
      "system": 0.0126679,
      "min": 0.7808604490000001,
      "max": 0.7905297480000001,
      "times": [
        0.7900607660000001,
        0.7905297480000001,
        0.788733376,
        0.782473975,
        0.7822840090000001,
        0.7865760700000001,
        0.782187841,
        0.7808604490000001,
        0.7834238130000001,
        0.783185169
      ],
      "exit_codes": [
        0,
        0,
        0,
        0,
        0,
        0,
        0,
        0,
        0,
        0
      ]
    },
    {
      "command": "./build/loop_benchmark_go",
      "mean": 0.18382720410000003,
      "stddev": 0.0005781055071621578,
      "median": 0.1837779315,
      "user": 0.18337989999999998,
      "system": 0.0009938,
      "min": 0.182774076,
      "max": 0.18506554900000002,
      "times": [
        0.184132338,
        0.183860448,
        0.18506554900000002,
        0.184026669,
        0.183975616,
        0.183513759,
        0.183695415,
        0.18357668600000002,
        0.183651485,
        0.182774076
      ],
      "exit_codes": [
        0,
        0,
        0,
        0,
        0,
        0,
        0,
        0,
        0,
        0
      ]
    },
    {
      "command": "./build/loop_benchmark_c",
      "mean": 0.0002764016,
      "stddev": 0.00004689689469985074,
      "median": 0.00026001700000000003,
      "user": 0.0001967,
      "system": 0.0000363,
      "min": 0.000248144,
      "max": 0.000407241,
      "times": [
        0.00027307700000000004,
        0.000265954,
        0.000258829,
        0.000258829,
        0.000407241,
        0.000280201,
        0.00026120500000000003,
        0.000255268,
        0.000255268,
        0.000248144
      ],
      "exit_codes": [
        0,
        0,
        0,
        0,
        0,
        0,
        0,
        0,
        0,
        0
      ]
    },
    {
      "command": "./build/loop_benchmark_rust",
      "mean": 0.00037791480000000003,
      "stddev": 0.00001444433464334335,
      "median": 0.00037221600000000003,
      "user": 0.00026270000000000004,
      "system": 0.0000701,
      "min": 0.000364499,
      "max": 0.000409615,
      "times": [
        0.000409615,
        0.00037993300000000005,
        0.000378746,
        0.00036806,
        0.00036806100000000004,
        0.000369247,
        0.00037399700000000004,
        0.000370435,
        0.000364499,
        0.00039655500000000004
      ],
      "exit_codes": [
        0,
        0,
        0,
        0,
        0,
        0,
        0,
        0,
        0,
        0
      ]
    },
    {
      "command": "./build/loop_benchmark_v",
      "mean": 0.00026417249999999997,
      "stddev": 7.576841972601634e-6,
      "median": 0.0002612045,
      "user": 0.0002228,
      "system": 0.0,
      "min": 0.00025764200000000004,
      "max": 0.00028257600000000004,
      "times": [
        0.000270703,
        0.00026714100000000004,
        0.00026120500000000003,
        0.00026001700000000003,
        0.000262391,
        0.000261204,
        0.00025764200000000004,
        0.00028257600000000004,
        0.000258829,
        0.00026001700000000003
      ],
      "exit_codes": [
        0,
        0,
        0,
        0,
        0,
        0,
        0,
        0,
        0,
        0
      ]
    }
  ]
}
