{
  "results": [
    {
      "command": "node src/loop_benchmark.js",
      "mean": 0.7639982040000001,
      "stddev": 0.024411461964908586,
      "median": 0.753835896,
      "user": 0.7513297,
      "system": 0.0075587,
      "min": 0.744798083,
      "max": 0.815347417,
      "times": [
        0.7591231660000001,
        0.745742833,
        0.7927214170000001,
        0.756380958,
        0.7512908340000001,
        0.7820674580000001,
        0.7465685830000001,
        0.7459412910000001,
        0.744798083,
        0.815347417
      ],
      "exit_codes": [
        0,
        0,
        0,
        0,
        0,
        0,
        0,
        0,
        0,
        0
      ]
    },
    {
      "command": "pypy src/loop_benchmark.py",
      "mean": 1.0351068249000002,
      "stddev": 0.013808628824594786,
      "median": 1.0272700625,
      "user": 1.0218703,
      "system": 0.0102296,
      "min": 1.025382583,
      "max": 1.060676875,
      "times": [
        1.054791958,
        1.025382583,
        1.0264465,
        1.048510791,
        1.026189167,
        1.026997,
        1.02709525,
        1.027444875,
        1.02753325,
        1.060676875
      ],
      "exit_codes": [
        0,
        0,
        0,
        0,
        0,
        0,
        0,
        0,
        0,
        0
      ]
    },
    {
      "command": "./build/loop_benchmark_go",
      "mean": 0.29278626260000007,
      "stddev": 0.03655418874463382,
      "median": 0.281805604,
      "user": 0.28968950000000004,
      "system": 0.0017572999999999998,
      "min": 0.268359459,
      "max": 0.38712300000000005,
      "times": [
        0.268919083,
        0.294896584,
        0.273320708,
        0.2902905,
        0.38712300000000005,
        0.31477262500000003,
        0.2698535,
        0.291176792,
        0.268359459,
        0.269150375
      ],
      "exit_codes": [
        0,
        0,
        0,
        0,
        0,
        0,
        0,
        0,
        0,
        0
      ]
    },
    {
      "command": "./build/loop_benchmark_c",
      "mean": 0.0018005999000000003,
      "stddev": 0.0004774837546175321,
      "median": 0.0016443130000000001,
      "user": 0.00044970000000000003,
      "system": 0.0007255999999999999,
      "min": 0.001270791,
      "max": 0.002538458,
      "times": [
        0.002538458,
        0.0024963750000000003,
        0.002265958,
        0.0018860410000000002,
        0.001750709,
        0.001436208,
        0.0014897920000000002,
        0.0015379170000000002,
        0.00133375,
        0.001270791
      ],
      "exit_codes": [
        0,
        0,
        0,
        0,
        0,
        0,
        0,
        0,
        0,
        0
      ]
    },
    {
      "command": "./build/loop_benchmark_rust",
      "mean": 0.0019464498,
      "stddev": 0.0005474779446311157,
      "median": 0.0019079995000000002,
      "user": 0.0006682,
      "system": 0.0006671,
      "min": 0.001285125,
      "max": 0.002773125,
      "times": [
        0.002568958,
        0.002601416,
        0.0020401670000000003,
        0.001285125,
        0.0018946660000000001,
        0.0015051250000000002,
        0.0013050000000000002,
        0.001569583,
        0.0019213330000000001,
        0.002773125
      ],
      "exit_codes": [
        0,
        0,
        0,
        0,
        0,
        0,
        0,
        0,
        0,
        0
      ]
    }
  ]
}
